{"cameraMode":{"drawMode":0,"name":"Shaded","section":"Shading Mode"},"sceneLighting":true,"audioPlay":false,"sceneViewState":{"m_AlwaysRefresh":false,"showFog":true,"showSkybox":true,"showFlares":true,"showImageEffects":true,"showParticleSystems":true,"showVisualEffectGraphs":true,"m_FxEnabled":true},"in2DMode":false,"pivot":{"x":0.5724388360977173,"y":-0.010676026344299317,"z":-0.7458877563476563},"rotation":{"x":0.014691798016428948,"y":0.9851981997489929,"z":-0.12811315059661866,"w":0.11310415714979172},"size":4.305022239685059,"orthographic":false}